{
  "pools": [
        {
            "rolls": 1,
            "entries": [
                {
                    "type": "minecraft:item",
                    "weight": 2,
                    "name": "minecraft:enchanted_book",
                    "functions": [
                      {
                        "function": "minecraft:set_lore",
                        "entity": "this",
                        "lore": [
                          {
                            "text": "Give One More Life"
                          }
                        ]
                      },
                      {
                        "function": "minecraft:set_nbt",
                        "tag": "{display:{Name:'[{\"text\":\"VetoBook\",\"italic\":false,\"color\":\"yellow\"}]'}}"
                      }
                    ]
                }
            ]
        }
    ]
}