{
    "type": "minecraft:chest",
    "pools": [
      {
        "rolls": {
          "min": 2,
          "max": 6
        },
        "entries": [
          {
            "type": "minecraft:item",
            "weight": 1,
            "name": "minecraft:enchanted_book",
            "functions": [
              {
                "function": "minecraft:set_lore",
                "entity": "this",
                "lore": [
                  {
                    "text": "Give One More Life"
                  }
                ]
              },
              {
                "function": "minecraft:set_nbt",
                "tag": "{display:{Name:'[{\"text\":\"VetoBook\",\"italic\":false,\"color\":\"yellow\"}]'}}"
              }
            ]
          },
          {
            "type": "minecraft:item",
            "weight": 5,
            "name": "minecraft:diamond",
            "functions": [
              {
                "function": "minecraft:set_count",
                "count": {
                  "min": 2,
                  "max": 7
                }
              }
            ]
          },
          {
            "type": "minecraft:item",
            "weight": 10,
            "name": "minecraft:iron_ingot",
            "functions": [
              {
                "function": "minecraft:set_count",
                "count": {
                  "min": 4,
                  "max": 8
                }
              }
            ]
          },
          {
            "type": "minecraft:item",
            "weight": 15,
            "name": "minecraft:gold_ingot",
            "functions": [
              {
                "function": "minecraft:set_count",
                "count": {
                  "min": 2,
                  "max": 7
                }
              }
            ]
          },
          {
            "type": "minecraft:item",
            "weight": 2,
            "name": "minecraft:emerald",
            "functions": [
              {
                "function": "minecraft:set_count",
                "count": {
                  "min": 2,
                  "max": 6
                }
              }
            ]
          },
          {
            "type": "minecraft:item",
            "weight": 5,
            "name": "minecraft:beetroot_seeds",
            "functions": [
              {
                "function": "minecraft:set_count",
                "count": {
                  "min": 1,
                  "max": 10
                }
              }
            ]
          },
          {
            "type": "minecraft:item",
            "weight": 3,
            "name": "minecraft:saddle"
          },
          {
            "type": "minecraft:item",
            "name": "minecraft:iron_horse_armor"
          },
          {
            "type": "minecraft:item",
            "name": "minecraft:golden_horse_armor"
          },
          {
            "type": "minecraft:item",
            "name": "minecraft:diamond_horse_armor"
          },
          {
            "type": "minecraft:item",
            "weight": 3,
            "name": "minecraft:diamond_sword",
            "functions": [
              {
                "function": "minecraft:enchant_with_levels",
                "levels": {
                  "min": 20,
                  "max": 39
                },
                "treasure": true
              }
            ]
          },
          {
            "type": "minecraft:item",
            "weight": 3,
            "name": "minecraft:diamond_boots",
            "functions": [
              {
                "function": "minecraft:enchant_with_levels",
                "levels": {
                  "min": 20,
                  "max": 39
                },
                "treasure": true
              }
            ]
          },
          {
            "type": "minecraft:item",
            "weight": 3,
            "name": "minecraft:diamond_chestplate",
            "functions": [
              {
                "function": "minecraft:enchant_with_levels",
                "levels": {
                  "min": 20,
                  "max": 39
                },
                "treasure": true
              }
            ]
          },
          {
            "type": "minecraft:item",
            "weight": 3,
            "name": "minecraft:diamond_leggings",
            "functions": [
              {
                "function": "minecraft:enchant_with_levels",
                "levels": {
                  "min": 20,
                  "max": 39
                },
                "treasure": true
              }
            ]
          },
          {
            "type": "minecraft:item",
            "weight": 3,
            "name": "minecraft:diamond_helmet",
            "functions": [
              {
                "function": "minecraft:enchant_with_levels",
                "levels": {
                  "min": 20,
                  "max": 39
                },
                "treasure": true
              }
            ]
          },
          {
            "type": "minecraft:item",
            "weight": 3,
            "name": "minecraft:diamond_pickaxe",
            "functions": [
              {
                "function": "minecraft:enchant_with_levels",
                "levels": {
                  "min": 20,
                  "max": 39
                },
                "treasure": true
              }
            ]
          },
          {
            "type": "minecraft:item",
            "weight": 3,
            "name": "minecraft:diamond_shovel",
            "functions": [
              {
                "function": "minecraft:enchant_with_levels",
                "levels": {
                  "min": 20,
                  "max": 39
                },
                "treasure": true
              }
            ]
          },
          {
            "type": "minecraft:item",
            "weight": 3,
            "name": "minecraft:iron_sword",
            "functions": [
              {
                "function": "minecraft:enchant_with_levels",
                "levels": {
                  "min": 20,
                  "max": 39
                },
                "treasure": true
              }
            ]
          },
          {
            "type": "minecraft:item",
            "weight": 3,
            "name": "minecraft:iron_boots",
            "functions": [
              {
                "function": "minecraft:enchant_with_levels",
                "levels": {
                  "min": 20,
                  "max": 39
                },
                "treasure": true
              }
            ]
          },
          {
            "type": "minecraft:item",
            "weight": 3,
            "name": "minecraft:iron_chestplate",
            "functions": [
              {
                "function": "minecraft:enchant_with_levels",
                "levels": {
                  "min": 20,
                  "max": 39
                },
                "treasure": true
              }
            ]
          },
          {
            "type": "minecraft:item",
            "weight": 3,
            "name": "minecraft:iron_leggings",
            "functions": [
              {
                "function": "minecraft:enchant_with_levels",
                "levels": {
                  "min": 20,
                  "max": 39
                },
                "treasure": true
              }
            ]
          },
          {
            "type": "minecraft:item",
            "weight": 3,
            "name": "minecraft:iron_helmet",
            "functions": [
              {
                "function": "minecraft:enchant_with_levels",
                "levels": {
                  "min": 20,
                  "max": 39
                },
                "treasure": true
              }
            ]
          },
          {
            "type": "minecraft:item",
            "weight": 3,
            "name": "minecraft:iron_pickaxe",
            "functions": [
              {
                "function": "minecraft:enchant_with_levels",
                "levels": {
                  "min": 20,
                  "max": 39
                },
                "treasure": true
              }
            ]
          },
          {
            "type": "minecraft:item",
            "weight": 3,
            "name": "minecraft:iron_shovel",
            "functions": [
              {
                "function": "minecraft:enchant_with_levels",
                "levels": {
                  "min": 20,
                  "max": 39
                },
                "treasure": true
              }
            ]
          }
        ]
      }
    ]
  }